00 TRIAGE · Your 1000 to 1300 math target	You need roughly 2 out of 3 math questions right, NOT all of them. | Plan: get 100% of Easy, most Medium, and deliberately guess-and-move on Hard. | Every card tagged E is non-negotiable. M is where your points are. H is labeled SKIP-OK when it is a known time sink.
00 TRIAGE · Where the questions actually come from	Of 1,925 SAT math items in College Board's bank: Algebra 616, Advanced Math 540, Problem-Solving/Data 421, Geometry/Trig 348. | Algebra is the most Easy-weighted domain (269 Easy). Circles and Right-Triangle Trig are the most Hard-weighted (only 12 Easy between them). | Study in that order.
00 TRIAGE · The 3-second decision	Read the question. If you do not know your first move within ~10 seconds, flag it and go. | At your level a guessed Hard question costs you nothing; a rushed Easy question costs you a point you already owned. | Finish all Easy/Medium first, then come back.
00 TRIAGE · When to NOT use Desmos	Desmos is slower than your head for: simple percent of a number, unit conversion, one-step solving, mean of 4 small numbers. | Use Desmos when there are variables on both sides, ugly decimals, a system, a quadratic, or a table of data.
01 DESMOS · The single highest-value move	Any equation of the form f(x) = g(x): type y = (left side) on line 1 and y = (right side) on line 2, then click the gray intersection dot. | The x-coordinate is the solution. | This replaces almost all algebra on the test.
01 DESMOS · Universal rewrite (cleaner than two graphs)	For f(x) = g(x), instead graph y = (left side) - (right side) on ONE line and click the x-intercept. | Same answer, half the clutter, and it makes 'how many solutions' obvious at a glance.
01 DESMOS · Gray dots are the whole game	Desmos marks every intersection, x-intercept, y-intercept, vertex, min and max with a clickable gray dot. | Click it and it prints the exact coordinates. | You almost never need to compute a vertex or root by hand.
01 DESMOS · Sliders appear automatically	Type any letter that is not x or y (like y = kx + 3) and Desmos offers 'add slider'. | Drag k and watch the graph. | This solves every 'for what value of the constant...' question without algebra.
01 DESMOS · Table back-solving	Ctrl+Alt+T opens a table. Put the four answer choices in the x1 column, type the question's expression in the y1 header. | Desmos evaluates all four at once. | Best move for 'which value satisfies' when the algebra is ugly.
01 DESMOS · Statistics in one line	Type L = [12, 7, 5, 15, 9] then mean(L), median(L), stdev(L), total(L). | Works for any list question. | Faster and safer than adding by hand under time pressure.
01 DESMOS · Parentheses discipline	Always wrap numerators, denominators and bases: (3x+2)/(x-4), (x-1)^2, 2^(x+1). | The most common Desmos error is a silently mistyped expression, not a wrong method.
01 DESMOS · Degree mode before ANY trig	Open the wrench (graph settings) and switch to Degrees before touching a trig question. | Desmos defaults to radians. | This single setting causes more wrong trig answers than the math itself.
01 DESMOS · Zoom before you trust a coordinate	If you are reading a value off the graph, zoom in on the dot first. | Pinch/scroll until the coordinate is unambiguous. | A badly scaled window hides vertices, intercepts and second intersections.
01 DESMOS · Function notation works directly	Type f(x) = 2x^2 - 3x + 1 on one line, then type f(4) on the next and Desmos prints the value. | Also handles composition: f(g(2)). | Use this for every 'what is f(...)' question instead of substituting by hand.
02 LIN-1VAR · E · 'If 8x = 6, what is the value of 72x?'	SIGNAL: they give you one equation and ask for a MULTIPLE of the variable, not the variable. | MOVE: do not solve for x. Notice 72x is 9 times 8x, so the answer is 9 x 6 = 54. | TRAP: solving for x = 0.75 then multiplying works too but wastes 20 seconds and invites a decimal error.
02 LIN-1VAR · E · 'If x/8 = 5, what is the value of 8x?'	SIGNAL: fraction on the left, asks for a scaled version. | MOVE: x = 40, so 8x = 320. | TRAP: the mirror-image answer 8x = 5 x 8 = 40 is always a choice. Solve for x first, then scale.
02 LIN-1VAR · E · 'Which equation has the same solution as the given equation?'	SIGNAL: asks for an EQUIVALENT equation, not a value. | DESMOS: solve the original (graph both sides, click intersection) to get x. Then test each choice by plugging that x in. | Faster: look for a choice that is the original times a constant or with terms moved.
02 LIN-1VAR · E · Perimeter or total-cost sentence with one unknown	SIGNAL: a real-world sentence, one thing you do not know, the word 'total' or 'perimeter'. | MOVE: write total = sum of parts, then solve. Isosceles perimeter 83 with two sides of 24: third = 83 - 48 = 35. | TRAP: 'each of the two congruent sides' means subtract 24 twice, not once.
02 LIN-1VAR · M · Variables on BOTH sides	SIGNAL: x appears left and right, often with parentheses and fractions. | DESMOS: y = left side, y = right side, click intersection. Read the x-value. | This is the cleanest 15 seconds on the test. Do not distribute by hand.
02 LIN-1VAR · M · 'The equation has no solution. What is the value of a?'	SIGNAL: 'no solution' plus an unknown coefficient. | RULE: no solution means same slope, different intercept (parallel lines). Set the x-coefficients equal and solve for the constant. | DESMOS: put a slider on a and drag until the two lines become parallel and separate.
02 LIN-1VAR · M · 'The equation is true for all values of x'	SIGNAL: 'all values of x', 'infinitely many solutions', or 'identity'. | RULE: both sides must be identical. Match x-coefficients AND match constants. | DESMOS: slider the unknown until the two graphs sit exactly on top of each other.
02 LIN-1VAR · H · Equation with the unknown inside a denominator	SIGNAL: x in the bottom of a fraction. | DESMOS: graph both sides and click the intersection. | TRAP: any x that makes a denominator zero is NOT a solution even if it appears algebraically. Desmos shows this as a hole or asymptote, so check the graph.
03 LIN-FUNC · E · 'f has slope 3 and passes through (0, -8). Which equation defines f?'	SIGNAL: slope plus a point whose x is 0. | MOVE: (0, b) IS the y-intercept, so write y = 3x - 8 immediately. | TRAP: only skip the point-slope work when the x-coordinate is 0. Otherwise use y - y1 = m(x - x1).
03 LIN-FUNC · E · 'h(0) = 41 and h(1) = 40. Which equation defines h?'	SIGNAL: two function values one step apart. | MOVE: h(0) = 41 is the intercept; the drop from 41 to 40 is the slope, so m = -1. Answer y = -x + 41. | This exact setup appears constantly. Learn to read h(0) as 'b'.
03 LIN-FUNC · E · 'The function f is defined by f(x) = 0.7x + 55. What is f(20)?'	SIGNAL: a clean 'evaluate the function' ask. | DESMOS: type f(x) = 0.7x + 55, then type f(20). It prints 69. | TRAP: do not mix up f(20) (plug in 20) with 'f(x) = 20' (solve for x). Read which one they want.
03 LIN-FUNC · E · Table of values, asks for the linear equation	SIGNAL: a small table of x and y, answer choices are equations. | MOVE: slope = change in y over change in x between any two rows. Then find b. | DESMOS: Ctrl+Alt+T, enter the points, then type y1 ~ mx1 + b to get slope and intercept exactly.
03 LIN-FUNC · E · Graph shown, asks for slope or intercept	SIGNAL: a pictured line with two labeled points. | MOVE: slope = rise over run using the two labeled points; the y-intercept is where it crosses the vertical axis. | TRAP: read the axis scale. Gridlines are often worth 2 or 5, not 1.
03 LIN-FUNC · M · Interpret the slope in context	SIGNAL: 'what does 0.7 represent in this context?' | RULE: the slope is always 'units of y per ONE unit of x'. Say it in the problem's own words. | TRAP: the intercept is the starting/initial value; the slope is the rate of change. Half the wrong answers swap these two.
03 LIN-FUNC · M · Interpret the y-intercept in context	SIGNAL: 'what does 55 represent?' | RULE: the value of y when x = 0, i.e. the initial, starting, base, or fixed amount. | Phrase it as 'the ___ when no ___ have occurred'.
03 LIN-FUNC · M · Two conditions, find the function, then evaluate	SIGNAL: two points given in words, then asked for a third value. | DESMOS: put both points in a table, run y1 ~ mx1 + b, then evaluate the fitted line at the value they want. | Avoids two separate chances at an arithmetic slip.
03 LIN-FUNC · H · Function transformations (f(x) + k, f(x + k), -f(x))	SIGNAL: a new function defined in terms of f. | RULES: +k outside shifts UP; +k inside shifts LEFT (opposite of what it looks like); a negative outside flips vertically. | DESMOS: graph f and the transformed version together and just look.
04 LIN-2VAR · E · 'A line has slope -1/2 and passes through (0, 3). Which equation represents it?'	SIGNAL: slope plus the y-intercept point. | MOVE: y = -x/2 + 3, done. | DESMOS check: graph your choice and confirm it passes through the given point.
04 LIN-2VAR · E · 'The y-intercept of 12x + 2y = 18 is (0, y). What is y?'	SIGNAL: standard form, asks for an intercept. | MOVE: set x = 0 and solve: 2y = 18, y = 9. | DESMOS: just graph 12x + 2y = 18 as typed (Desmos accepts standard form) and click the y-intercept dot.
04 LIN-2VAR · E · 'Which table gives three values of x and their y for y = -4x + 40?'	SIGNAL: answer choices are TABLES. | MOVE: test ONE easy row from each choice, usually x = 0 or x = 1. Eliminate on the first mismatch. | Do not verify all three rows of a choice before moving on.
04 LIN-2VAR · E · '46 = 2a + 2b. If a = 9, what is b?'	SIGNAL: a formula with two letters, one value supplied. | MOVE: substitute and solve: 46 = 18 + 2b, b = 14. | TRAP: read which letter they gave you. Swapping a and b is the intended error.
04 LIN-2VAR · M · Parallel and perpendicular slopes	RULES: parallel means EQUAL slopes. Perpendicular means slopes multiply to -1 (flip the fraction and change the sign). | Perpendicular to slope 2/3 is -3/2. | TRAP: 'negative reciprocal' means BOTH flip and negate, not just one.
04 LIN-2VAR · M · Convert standard form to slope-intercept	SIGNAL: Ax + By = C but the answer choices are y = mx + b. | SHORTCUT: slope = -A/B and y-intercept = C/B. | For 12x + 2y = 18: slope -6, intercept 9. Memorize this; it saves rearranging.
04 LIN-2VAR · M · Two points given, find the equation	MOVE: slope = (y2 - y1)/(x2 - x1), then plug one point in to get b. | DESMOS: table with the two points, then y1 ~ mx1 + b. | TRAP: keep the subtraction order consistent in numerator and denominator.
04 LIN-2VAR · H · 'x-intercept of the graph is (a, 0). What is a?'	SIGNAL: asks for an intercept expressed with a letter. | MOVE: set y = 0 and solve for x. | DESMOS: graph it and click the x-intercept dot. | TRAP: x-intercept means y = 0. Students reflexively set x = 0. Slow down on this one.
05 SYSTEMS · E · 'The solution to the system is (x, y). What is the value of y?'	SIGNAL: two linear equations stacked, asks for ONE coordinate. | DESMOS: type each equation on its own line exactly as printed, click the gray intersection dot, read the coordinate they asked for. | TRAP: they ask for y, or x, or x + y, or 2y. Re-read the final line before you bubble.
05 SYSTEMS · E · One equation is already solved (x = 8, or y = 4)	SIGNAL: one line gives a variable outright. | MOVE: substitute mentally into the other equation. x = 8 with x + 3y = 26 gives 3y = 18, y = 6. | Faster than Desmos here, but Desmos still works if you are unsure.
05 SYSTEMS · E · 'What is the value of x + y?'	SIGNAL: asks for a COMBINATION of the two unknowns. | MOVE: find the intersection in Desmos, then add the coordinates. | SHORTCUT: sometimes adding the two equations directly produces x + y in one step. Check for that before graphing.
05 SYSTEMS · M · Both equations messy, ugly coefficients or decimals	DESMOS: type both lines as printed, no rearranging. Click the intersection. | This is the single best return on Desmos on the whole test. | Avoid doing elimination by hand at your score level; it is mostly error surface.
05 SYSTEMS · M · 'The system has NO solution. Find the constant.'	RULE: no solution means the lines are PARALLEL: equal slopes, different y-intercepts. | MOVE: set the slopes equal and solve for the unknown. | DESMOS: slider the constant and drag until the lines are parallel and clearly separate.
05 SYSTEMS · M · 'The system has INFINITELY many solutions.'	RULE: infinitely many means the two equations are the SAME line. One is a constant multiple of the other. | MOVE: find the multiplier that maps one equation onto the other, then match the remaining coefficient. | DESMOS: slider until one graph disappears into the other.
05 SYSTEMS · M · 'Exactly one solution' with an unknown constant	RULE: exactly one solution means the slopes are DIFFERENT. | So find the value that would make them parallel, and the answer is every value except that one. | Read whether they want the excluded value or the allowed range.
05 SYSTEMS · H · Answer choices contain a letter like r or 3 - 3r	SIGNAL: the choices are expressions in a parameter, not numbers. | HEURISTIC: this almost always means the system has infinitely many solutions, i.e. the lines coincide. | Set up the proportionality of all three coefficients and solve.
05 SYSTEMS · H · System given as a GRAPH plus one equation	SIGNAL: a pictured line and a printed equation. | MOVE: read two clean lattice points off the picture to get the drawn line's equation, then intersect with the printed one in Desmos. | TRAP: check the axis scale before reading points.
06 SYS-WORD · E · Two items, two totals (count and money)	SIGNAL: 'x adult and y child tickets', a total COUNT and a total COST. | SETUP: one equation for the count (x + y = total) and one for the money (price1·x + price2·y = total cost). | DESMOS: type both, click intersection.
06 SYS-WORD · E · 'Total of 364 straws made triangles and rectangles'	SIGNAL: a total of PARTS distributed between two shapes/objects with different per-unit counts. | SETUP: 3t + 4r = 364 for the pieces, plus whatever second fact they give (often total number of polygons). | TRAP: use sides per shape (3 and 4), not the number of shapes.
06 SYS-WORD · M · Translating the words into two equations	CHECKLIST: define both variables in writing. One equation counts THINGS, the other counts VALUE (dollars, grams, minutes, points). | 'twice as many a as b' is a = 2b, not 2a = b. Say it out loud to catch the flip.
06 SYS-WORD · M · 'How many more x than y?'	SIGNAL: asks for a DIFFERENCE, not a value. | MOVE: solve the system in Desmos, then subtract. | TRAP: this is the most common careless-error question in the section. The intersection is not the answer; the difference is.
06 SYS-WORD · M · Mixture, rate, or 'combined' problems	SETUP: one equation for total AMOUNT, one for total CONCENTRATION or total RATE. | Example: x + y = 10 liters and 0.2x + 0.5y = 0.3(10). | DESMOS: type both and intersect. Do not clear the decimals by hand.
06 SYS-WORD · H · Word problem where the question asks for the constant	SIGNAL: a scenario plus 'for what value of k would there be no solution / one solution'. | MOVE: translate to two equations first, then apply the parallel/identical-line rules. | The wording is harder than the math; the math is still just slopes.
07 INEQ · E · 'Minimum rate was 0.6 and maximum was 1.8. Which inequality is true?'	SIGNAL: the words minimum and maximum, answer choices are inequalities. | MOVE: minimum means 'greater than or equal to', maximum means 'less than or equal to'. So 0.6 <= r <= 1.8. | TRAP: 'at least' and 'no less than' both mean >=.
07 INEQ · E · 'The point (8, 2) is a solution to which system of inequalities?'	SIGNAL: a specific point, answer choices are inequality systems. | MOVE: plug the point into each choice and check BOTH inequalities hold. Eliminate on the first failure. | Pure arithmetic; no graphing needed.
07 INEQ · M · 'For which table are all values solutions to the inequality?'	SIGNAL: an inequality plus answer choices that are tables. | DESMOS: graph the inequality (it shades). Then plot the table's points and see which set lands entirely inside the shading. | TRAP: ALL rows must satisfy it, so one bad row kills the choice.
07 INEQ · M · Translating constraint words	DICTIONARY: 'at least' >=, 'at most' <=, 'no more than' <=, 'more than' >, 'fewer than' <, 'minimum' >=, 'maximum' <=. | 'At least 100 centimeters' is h >= 100, strictly. | Most inequality errors are vocabulary errors, not math errors.
07 INEQ · M · Systems of inequalities, find the feasible region	DESMOS: type each inequality on its own line using > or <. Desmos shades automatically; the answer lives in the overlap. | Then test which listed point sits in the doubly-shaded area.
07 INEQ · H · Inequality with an unknown coefficient	SIGNAL: a slider-shaped question, 'for what values of a is the point a solution'. | DESMOS: slider on a, watch the shaded region move across the point. | Note the boundary value, then decide whether it is included (solid) or excluded (dashed).
08 EQUIV · E · 'Which expression is equivalent to 34x + 34y?'	SIGNAL: 'equivalent to', simple common factor. | MOVE: factor it: 34(x + y). | DESMOS CHECK: for single-variable versions, graph the original and your choice; if the curves sit exactly on top of each other, they are equivalent.
08 EQUIV · E · 'Which expression is equivalent to 256w^2 - 676?'	SIGNAL: something squared MINUS something squared. | RULE: difference of squares, a^2 - b^2 = (a - b)(a + b). Here (16w - 26)(16w + 26). | Recognizing 256 = 16^2 and 676 = 26^2 is the whole question.
08 EQUIV · E · 'Which expression is equivalent to 5x^5 - 6x^4 + 8x^3?'	SIGNAL: every term shares a power of x. | MOVE: pull out the LOWEST power: x^3(5x^2 - 6x + 8). | TRAP: factoring out x^5 instead of x^3 produces negative exponents and a wrong choice that is offered.
08 EQUIV · M · The overlap-graph trick for 'equivalent'	DESMOS: graph the original expression as y = (original) and each answer choice as y = (choice). | The equivalent one lies perfectly on top and the others visibly separate. | This works even when you cannot do the algebra at all. Highest-value move in this section.
08 EQUIV · M · Factoring a quadratic ax^2 + bx + c	MOVE: find two numbers that multiply to a·c and add to b, then split and factor. | FASTER: graph y = the quadratic, click the two x-intercepts at r and s, and the factorization is a(x - r)(x - s). | Lean on the graph, which will not slip on a sign the way hand-factoring can.
08 EQUIV · M · Adding or subtracting rational expressions	MOVE: common denominator, combine numerators, then simplify. | DESMOS CHECK: graph original and answer; overlapping curves confirm it. | TRAP: distribute the minus sign across the ENTIRE second numerator.
08 EQUIV · H · 'Can be rewritten as a(4x^2 + 7x + 13). What is a?'	SIGNAL: a scaled version of a given expression, solve for the scale factor. | MOVE: divide any single matching coefficient. 0.36 / 4 = 0.09, and check 0.63 / 7 = 0.09 and 1.17 / 13 = 0.09. | Confirm with a second coefficient; that is your error check.
08 EQUIV · H · Exponent rules you must have cold	x^a · x^b = x^(a+b). x^a / x^b = x^(a-b). (x^a)^b = x^(ab). x^0 = 1. x^(-a) = 1/x^a. | x^(1/2) = sqrt(x), and x^(m/n) is the n-th root of x^m. | These appear as 'equivalent expression' choices constantly.
09 NONLIN-EQ · E · '8x^2 - 40 = 32. What is the POSITIVE solution?'	SIGNAL: a squared term and the word positive (or negative). | MOVE: isolate, then square-root: x^2 = 9, x = 3 or -3, take +3. | DESMOS: graph y = 8x^2 - 40 and y = 32, click the right-hand intersection. | TRAP: forgetting that squaring gives TWO roots.
09 NONLIN-EQ · E · 'k^2 - 53 = 91. What is the positive solution?'	MOVE: k^2 = 144, k = 12. | DESMOS if the numbers are not clean squares. | Always check which root they asked for before bubbling.
09 NONLIN-EQ · E · '6r = 7s + t. Express s in terms of r and t.'	SIGNAL: 'in terms of', rearrange a formula. | MOVE: isolate the requested letter: s = (6r - t)/7. | TRAP: the choices include (6r + t)/7 and 6r/7 - t. Move terms one at a time and keep the division over the WHOLE numerator.
09 NONLIN-EQ · E · Equation with x inside a fraction, like 1/(x+8) = 1/(6+8)	SIGNAL: identical structure on both sides. | MOVE: if the forms match, match the insides: x + 8 = 14, so x = 6. | DESMOS backup: graph both sides and intersect.
09 NONLIN-EQ · M · Mixed system: one line and one curve	SIGNAL: a linear equation stacked with a quadratic or exponential. | DESMOS: type both, click the intersection(s). | KEY: a line and a parabola can meet at 0, 1, or 2 points, so read whether they want a specific one ('positive', 'greater', 'in quadrant I').
09 NONLIN-EQ · M · 'At what point (x, y) do the graphs intersect?'	SIGNAL: asks for the full ordered pair. | DESMOS: type both equations, click the dot, read both coordinates. | TRAP: if there are two intersections, use the extra condition in the question to pick the right one.
09 NONLIN-EQ · M · Radical equations (square root of an expression)	MOVE: isolate the radical, square both sides, solve. | MUST DO: plug answers back in. Squaring creates extraneous solutions that are not real answers. | DESMOS avoids this entirely: graph both sides and only real intersections show up.
09 NONLIN-EQ · M · The quadratic formula and the discriminant	x = (-b ± sqrt(b^2 - 4ac)) / (2a). | DISCRIMINANT b^2 - 4ac: positive means 2 real solutions, zero means exactly 1, negative means none. | 'How many real solutions' questions are answered by the discriminant's sign alone.
09 NONLIN-EQ · H · 'Exactly one solution' for a line and a parabola	MEANING: the line is TANGENT to the curve. | ALGEBRA: set them equal and force the discriminant to 0. | DESMOS: put a slider on the constant and drag until the two graphs just touch at a single point. Read the slider value.
09 NONLIN-EQ · H · SKIP-OK · Systems with two unknown constants	SIGNAL: two letters to determine and heavy symbolic manipulation. | At a 1300 target this is a flag-and-guess question. | If you have time: slider both constants, or substitute the given point to generate two equations in the constants.
10 QUAD · E · 'What is the y-intercept of the graph?'	MOVE: set x = 0, or just click the y-intercept dot in Desmos. | For g(x) = 11·(1/12)^x, g(0) = 11 because anything to the power 0 is 1. | TRAP: the base is not the intercept; the coefficient in front is.
10 QUAD · E · Graph shown with a labeled minimum or maximum	SIGNAL: a pictured parabola with a turning point. | READ: the turning point IS the vertex (h, k). Minimum means the parabola opens up (a > 0); maximum means it opens down (a < 0). | Match to the vertex-form choice a(x - h)^2 + k.
10 QUAD · E · The three quadratic forms and what each one hands you	STANDARD y = ax^2 + bx + c gives the y-intercept c. | FACTORED y = a(x - r)(x - s) gives the roots r and s. | VERTEX y = a(x - h)^2 + k gives the vertex (h, k). | The question tells you which form to want by what it asks for.
10 QUAD · M · 'What is the vertex / minimum / maximum value?'	DESMOS: graph it and click the turning-point dot. Done. | BY HAND: x of the vertex = -b/(2a), then plug in for the y-value. | TRAP: 'minimum VALUE' means the y-coordinate; 'where does the minimum occur' means the x-coordinate.
10 QUAD · M · 'What are the zeros / roots / x-intercepts / solutions?'	All four words mean the same thing: where y = 0. | DESMOS: graph and click the x-intercept dots. | TRAP: the roots of a(x - r)(x - s) are +r and +s, not -r and -s. The sign flips from what you see.
10 QUAD · M · Axis of symmetry and the midpoint shortcut	The axis of symmetry is the vertical line x = -b/(2a), and it sits exactly halfway between the two roots. | So if the roots are 2 and 8, the vertex is at x = 5. | This shortcut answers many questions with no computation.
10 QUAD · M · Projectile word problem: 'maximum height at t seconds, hits ground at t seconds'	SIGNAL: launched object, a max height, and a landing time. | READ IT AS: the vertex is (time of max, max height) and one root is the landing time. The other root is t = 0 (launch). | Match to vertex form or factored form accordingly.
10 QUAD · H · Completing the square to reach vertex form	MOVE: factor out a, halve the x-coefficient, square it, add and subtract it inside. | FASTER: at a 1300 target, graph it in Desmos and click the vertex instead. | Keep this card for recognition only; do not spend study time drilling it.
10 QUAD · H · SKIP-OK · Symbolic quadratics with parameters	SIGNAL: no numbers, just letters, asking about the nature of the roots. | This is a top-tier-score question. Flag it. | If forced: the discriminant's sign is nearly always the intended route.
11 GROWTH · E · The master exponential template	y = A · b^(t/p) where A = starting amount, b = growth factor per period, p = length of one period. | Doubling: b = 2. Halving: b = 1/2. Tripling: b = 3. | 'Doubles every 10 years' from $890 gives M(t) = 890 · 2^(t/10).
11 GROWTH · E · Percent growth and decay factors	GROWTH of r percent: multiply by (1 + r/100). A 7 percent increase means b = 1.07. | DECAY of r percent: multiply by (1 - r/100). A 7 percent decrease means b = 0.93. | TRAP: b = 1.07 is growth; b = 0.07 would be losing 93 percent.
11 GROWTH · E · Linear versus exponential: how to tell	LINEAR adds the same AMOUNT each step (constant difference) and the words are 'per year', 'each month', 'increases by 5 units'. | EXPONENTIAL multiplies by the same FACTOR each step (constant ratio) and the words are 'percent', 'doubles', 'halves', 'per year compounded'. | Check a table by differencing, then by dividing.
11 GROWTH · M · Reading the period out of the exponent	In A · b^(t/p), the p in the denominator is the time for ONE full multiplication. | 2^(t/10) doubles every 10 units; 2^(10t) doubles every 1/10 of a unit. | TRAP: t/10 versus 10t is the single most common exponential distractor pair.
11 GROWTH · M · Converting an annual rate to monthly	Annual factor b over 12 months becomes b^(t/12) with t in months, or equivalently multiply the exponent. | For '3 percent per year over t months': 1.03^(t/12). | Read the units of t in the answer choices before choosing.
11 GROWTH · M · 'What does the 890 represent in M(t) = 890 · 2^(t/10)?'	The coefficient in front is always the INITIAL or starting value (the value at t = 0). | The base tells you the growth behavior; the denominator in the exponent tells you the period. | These three interpretation questions repeat verbatim across tests.
11 GROWTH · H · Exponential given as a table, find the equation	MOVE: divide consecutive y-values to get the common ratio b, and read A as the value at x = 0. | DESMOS: put the table in and run y1 ~ a·b^(x1). It returns a and b exactly. | Use regression; it beats hand-fitting every time.
12 RATES · E · 'Pits 12 pounds in 3 minutes. How long for 96 pounds?'	SIGNAL: a rate plus a new quantity. | MOVE: set up one proportion, 12/3 = 96/x, cross-multiply: x = 24 minutes. | FASTER: 96 is 8 times 12, so 8 times 3 = 24 minutes. Look for the clean multiple first.
12 RATES · E · 'Spent $27 on oranges at $3 per pound. How many pounds?'	SIGNAL: total divided by a per-unit price. | MOVE: 27 / 3 = 9 pounds. | TRAP: decide whether to multiply or divide by checking the units: dollars divided by dollars-per-pound leaves pounds.
12 RATES · E · Unit conversion with a given equivalence	SIGNAL: they hand you '1 fathom = 6 feet'. | MOVE: multiply so the unwanted unit cancels: 58 fathoms x 6 feet/fathom = 348 feet. | TRAP: dividing instead of multiplying. Write the unit fraction so the old unit is on the bottom.
12 RATES · E · 'Completes 900 revolutions in 50 minutes. Revolutions per minute?'	SIGNAL: the words 'per' in the answer's units. | MOVE: 'per' means divide: 900/50 = 18. | Whatever unit comes after 'per' goes in the denominator.
12 RATES · M · Two-step conversions (km/hr to m/s and similar)	MOVE: chain the unit fractions so every unwanted unit cancels diagonally. | Write it out; do not do it mentally. | DESMOS: type the whole chain as one product and let it compute.
12 RATES · M · Scale factors and similar figures	RULE: if lengths scale by k, AREAS scale by k^2 and VOLUMES scale by k^3. | Doubling every length multiplies area by 4 and volume by 8. | This is a favorite trap: they give a length ratio and ask for an area ratio.
12 RATES · M · Proportional relationship means y = kx	SIGNAL: 'directly proportional', 'proportional relationship'. | MEANS: a straight line THROUGH THE ORIGIN, so y = kx with no constant term. | TRAP: y = kx + b is linear but NOT proportional. If the graph misses the origin, it is not proportional.
13 PCT · E · 'What is 23% of 100?' and 'What percentage of 300 is 75?'	TRANSLATE: 'of' means multiply, 'is' means equals, 'what percent' means x/100. | 23% of 100 = 23. For the second: x/100 x 300 = 75, so x = 25. | Write the sentence as an equation before computing.
13 PCT · E · 'Of 250 trees, 6% are birch. How many birch?'	MOVE: 0.06 x 250 = 15. | Convert the percent to a decimal first, then multiply. | TRAP: answers like 6 and 41.7 are offered for people who skip the conversion or divide.
13 PCT · E · 'Of 300,000 clips, 234,000 are large. What percentage?'	MOVE: part over whole, then times 100: 234000/300000 = 0.78 = 78%. | TRAP: putting the whole on top. The word 'of' marks the whole.
13 PCT · M · Percent increase and decrease	FORMULA: ((new - old)/old)·100. The denominator is ALWAYS the original. | TRAP: going 50 up then 50 down does not return you to the start. Compute sequentially with multipliers.
13 PCT · M · Successive percent changes	MOVE: multiply the factors. Up 20% then down 10% is 1.20 x 0.90 = 1.08, a net 8% increase. | Never add or subtract the percentages. | This is the most reliably missed percent question.
13 PCT · M · 'After a 15% discount the price is $68. What was the original?'	SIGNAL: they give you the AFTER value and want the BEFORE. | MOVE: divide, do not multiply: 68 / 0.85 = 80. | TRAP: taking 15% of 68 and adding it back gives the wrong answer. Set up 0.85x = 68.
13 PCT · H · Percent of a percent, and percent-point versus percent	'Rose from 20% to 25%' is a 5 PERCENTAGE-POINT rise but a 25 PERCENT increase. | Read carefully which one is asked. | The distinction is the entire question when it appears.
14 DATA-1 · E · Mean, median, mode, range definitions	MEAN = sum / count. MEDIAN = middle value after SORTING. MODE = most frequent. RANGE = max - min. | DESMOS: L = [list], then mean(L), median(L), stdev(L). | TRAP: forgetting to sort before taking the median.
14 DATA-1 · E · Reading a bar graph or dot plot for a total or a count	MOVE: read each bar's height off the axis and add only the ones asked about. | TRAP: check the axis increment (bars often step by 2, 5 or 10) and watch for a truncated axis that does not start at 0.
14 DATA-1 · E · Median from a frequency table or dot plot	MOVE: find the total count n, then the median is at position (n+1)/2 counting up through the frequencies. | Do not average the frequencies; you are locating a position within them.
14 DATA-1 · M · Which measure changes when you add an outlier	RULE: the MEAN and the RANGE and the standard deviation move a lot; the MEDIAN barely moves. | So 'resistant to outliers' always means median. | This exact comparison is asked repeatedly.
14 DATA-1 · M · Standard deviation by inspection (no computing)	RULE: more SPREAD means larger standard deviation. Data clustered tightly around the center means smaller. | You are essentially never asked to compute it by hand; you compare two distributions by eye. | Same mean with wider spread = bigger SD.
14 DATA-1 · M · 'The mean of 9 integers is 42. Adding a 10th makes the mean 43. Find it.'	MOVE: work with TOTALS, not means. Old total = 9 x 42 = 378. New total = 10 x 43 = 430. The new value is 430 - 378 = 52. | This total-based method solves every 'mean changes' question.
14 DATA-1 · H · Comparing two distributions in a two-part question	MOVE: handle center (mean/median) and spread (range/SD) separately and state each one. | TRAP: a distribution can have the SAME mean and a very different spread, or vice versa. Do not let one drive your answer about the other.
15 DATA-2 · E · Reading a line of best fit off a scatterplot	MOVE: read the y-value on the LINE at the requested x, not the nearest data point. | TRAP: 'predicted by the model' means use the line; 'actual' means use the dot. The difference between them is the residual.
15 DATA-2 · E · Identifying the shape of a scatterplot	LINEAR looks like a straight trend. EXPONENTIAL curves upward with increasing steepness. QUADRATIC rises then falls (or vice versa). | Match the shape word to the equation family in the choices.
15 DATA-2 · M · Desmos regression: the single best move in this section	MOVE: Ctrl+Alt+T for a table, enter the points, then type y1 ~ mx1 + b for linear, y1 ~ ax1^2 + bx1 + c for quadratic, y1 ~ ab^(x1) for exponential. | Desmos returns the exact coefficients plus R^2. | Higher R^2 means better fit, which settles 'which model' questions.
15 DATA-2 · M · Residuals	RESIDUAL = actual minus predicted. Positive means the point sits ABOVE the line; negative means below. | A good model has residuals scattered randomly around zero with no pattern. | A curved residual pattern means you picked the wrong model family.
15 DATA-2 · M · Interpreting slope and intercept of a best-fit line	Same as any linear function: slope is the predicted change in y per one unit of x; intercept is the predicted y at x = 0. | Say 'predicted' or 'on average' out loud. The right answer choice almost always includes that hedge.
15 DATA-2 · H · Correlation versus causation	RULE: an observational study or a scatterplot can NEVER establish cause. Only a randomized controlled EXPERIMENT can. | The right answer is the cautious one: 'is associated with', 'there is a relationship'. | Be very wary of any choice containing 'causes' unless subjects were randomly assigned.
16 PROB · E · Probability from a one-way frequency table	MOVE: favorable count over TOTAL count. 15 turkey out of 50 children is 15/50 = 0.3. | TRAP: make sure the denominator is the total the question names, not the table's grand total.
16 PROB · E · Probability from a two-way table	MOVE: identify the row and column the question restricts you to, then read the right cell over the right total. | Underline the group named in the question before you look at the table.
16 PROB · M · Conditional probability: 'GIVEN that...'	SIGNAL: the words 'given that', 'among', 'of those who'. | RULE: the condition becomes your new DENOMINATOR. Use only that row or column total, not the grand total. | This is the single most missed probability idea on the test.
16 PROB · M · Probability with percentages instead of counts	MOVE: invent a convenient total, usually 100 or 1000, convert every percent to a count, then proceed as a normal table. | Makes the arithmetic concrete and removes the 'percent of a percent' confusion.
16 PROB · H · Expected value / 'how many would you expect'	MOVE: probability x total = expected count. | If 26% of rooms have fewer than 18 seats and there are 50 rooms, expect 13. | Round only at the very end, and to a sensible whole number.
17 INFER · E · Reading a margin of error statement	'Estimated at $4.23 with a margin of error of $0.05' means the plausible range is $4.18 to $4.28. | MOVE: subtract and add the margin to get the interval. | The estimate is the CENTER of the interval.
17 INFER · E · Scaling a sample up to a population	MOVE: sample proportion x population size. 16 of 20 employees is 0.8, so 0.8 x 400 = 320. | TRAP: use the proportion, not the raw sample count.
17 INFER · M · What makes a margin of error smaller	RULE: a LARGER sample size shrinks the margin of error. Lower confidence level also shrinks it. | Nothing else on this test changes it. | TRAP: a bigger population does not shrink it; only a bigger sample does.
17 INFER · M · Who can you generalize to?	RULE: conclusions apply ONLY to the population that was randomly sampled. | Sampled 30 Utah locations means you may conclude about Utah, not about the whole country. | Be wary of any choice that over-reaches the sampling frame.
17 INFER · H · SKIP-OK · Evaluating statistical claims	This skill has only 12 items in the entire bank and 7 of them are Hard. | Lowest-yield topic on the math section. | If it appears: pick the most cautious, narrowest claim, and only say 'cause' if there was random ASSIGNMENT to groups.
18 AREA-VOL · E · 'Rectangle 64 by 32 inches. What is the area?'	MOVE: A = length·width = 2,048 square inches. | TRAP: check whether they want area or PERIMETER (2l + 2w). The units tell you: square inches means area.
18 AREA-VOL · E · 'Side length of a square is 55 cm. Area in cm^2?'	MOVE: A = s^2 = 3,025. | Square perimeter is 4s; square area is s^2. | TRAP: 4·55 = 220 is offered for people who grab perimeter.
18 AREA-VOL · E · 'Width is 7, length is 40 longer than the width. Find area.'	SIGNAL: one dimension defined RELATIVE to the other. | MOVE: length = 7 + 40 = 47, then A = 7 x 47 = 329. | TRAP: using 40 as the length instead of 47. Translate the relationship first, then compute.
18 AREA-VOL · M · Composite and shaded-region figures	MOVE: total area minus the removed piece. Name the two simple shapes before computing anything. | Write both areas down separately, then subtract. | TRAP: subtracting in the wrong order, or forgetting the removed shape appears twice.
18 AREA-VOL · M · Volume questions: pick the right solid	MOVE: identify the solid, write the formula, substitute, then check units (cubic). | Most of these are one substitution once you have the formula. | The SAT gives a reference sheet, but looking it up costs 20 seconds you do not have.
18 AREA-VOL · M · Working backward from area or volume to a dimension	SIGNAL: they give the volume and ask for a radius or height. | DESMOS: type the formula with the known value as an equation, e.g. 3.14x^2(10) = 500, and click the intersection. | Beats rearranging with cube roots by hand.
18 AREA-VOL · H · Scale changes in area and volume	RULE: multiply every length by k and area scales by k^2, volume by k^3. | Tripling the radius multiplies volume by 27. | TRAP: the question gives a LENGTH ratio and asks for a VOLUME ratio. Cube it.
19 ANGLES · E · 'In triangle XYZ, angle X is 23 and angle Y is 66. Find angle Z.'	RULE: the three angles of any triangle sum to 180. | MOVE: 180 - 23 - 66 = 91. | The most reliable easy point in geometry.
19 ANGLES · E · Two lines crossing, angles labeled w and z	RULES: VERTICAL angles (opposite each other) are EQUAL. Angles on a straight line are SUPPLEMENTARY (sum 180). | Identify which relationship the picture shows, then write one equation.
19 ANGLES · E · Parallel lines cut by a transversal	RULES: corresponding angles equal, alternate interior angles equal, same-side interior angles sum to 180. | SHORTCUT: every angle in the figure is either equal to the one you know or supplementary to it. Decide which by whether it looks acute or obtuse.
19 ANGLES · M · 'Figure not drawn to scale'	WARNING: this phrase means you may NOT trust the picture's proportions or angle sizes. | Use only the stated measurements and the angle rules. | When it is absent, the figure IS roughly to scale and you can sanity-check by eye.
19 ANGLES · M · Similar triangles	SIGNAL: 'DE is parallel to BC', nested triangles, or equal angle marks. | RULE: corresponding sides are PROPORTIONAL. Set up one ratio equation and solve. | Write the correspondence carefully: match the vertices in the same order.
19 ANGLES · M · Exterior angle and isosceles facts	EXTERIOR angle = sum of the two remote interior angles. | ISOSCELES: equal sides sit opposite equal angles. | These two facts crack most 'find the missing angle' chains.
19 ANGLES · H · Multi-step angle chases	MOVE: label EVERY angle you can deduce on the figure as you go, even ones you do not need yet. | The path is usually 3 or 4 short deductions, not one clever insight. | If you stall for 45 seconds, flag it and move.
20 RIGHT-TRI · E · Pythagorean theorem and the triples to memorize	a^2 + b^2 = c^2, with c the hypotenuse (always opposite the right angle). | MEMORIZE: 3-4-5, 5-12-13, 8-15-17, 7-24-25, and all their multiples (6-8-10, 9-12-15). | Spotting a triple saves the whole computation.
20 RIGHT-TRI · E · SPECIAL RIGHT TRIANGLE: 45-45-90	SIDES: x, x, x·sqrt(2). The hypotenuse is the leg times sqrt(2). | Appears as a square's diagonal or an isosceles right triangle. | Going backward: divide the hypotenuse by sqrt(2) to get a leg.
20 RIGHT-TRI · E · SPECIAL RIGHT TRIANGLE: 30-60-90	SIDES: x (opposite 30), x·sqrt(3) (opposite 60), 2x (hypotenuse). | The short leg is always half the hypotenuse. | Appears as half of an equilateral triangle. Match the side to its OPPOSITE angle, not its position.
20 RIGHT-TRI · M · SOH CAH TOA	sin = opposite/hypotenuse. cos = adjacent/hypotenuse. tan = opposite/adjacent. | MOVE: label the sides relative to the angle in question, then pick the ratio containing the two you care about. | SET DESMOS TO DEGREES first.
20 RIGHT-TRI · M · Given a trig ratio, find another side or ratio	MOVE: sketch a right triangle, label the two sides the ratio gives you, use Pythagoras for the third, then read off whatever they ask. | sin = 3/5 means opposite 3, hypotenuse 5, so adjacent 4 and cos = 4/5.
20 RIGHT-TRI · M · Complementary angle identity	RULE: sin(x) = cos(90 - x) and cos(x) = sin(90 - x). | So 'if sin(a) = 0.6 what is cos(90 - a)' answers itself: 0.6. | Recognizing this turns a hard-looking question into a one-second read.
20 RIGHT-TRI · H · SKIP-OK · Radians and the unit circle	CONVERSION: 180 degrees = pi radians, so multiply by 180/pi to go to degrees. | Only 8 of 69 items in this skill are Easy, so this is a low-yield area for a 1300 target. | If it appears, convert to degrees and use Desmos in degree mode.
20 RIGHT-TRI · H · SKIP-OK · Trig in non-right triangles	This requires laws of sines/cosines, which are outside the SAT's core. | If the triangle has no right angle and no special-triangle shape, flag and guess. | Spend that time re-checking your Algebra answers instead.
21 CIRCLE · E · Basic circle formulas	AREA = pi·r^2. CIRCUMFERENCE = 2·pi·r = pi·d. | Diameter = 2r, so a diameter of 12.6 means a radius of 6.3. | TRAP: plugging the diameter into a formula that wants the radius. Halve it first, every time.
21 CIRCLE · E · Circle equation in standard form	(x - h)^2 + (y - k)^2 = r^2 has CENTER (h, k) and RADIUS r. | For (x - 6)^2 + (y - 3)^2 = 81: center (6, 3), radius 9 (not 81). | TRAP: the signs flip, and the right side is r SQUARED. Take the square root.
21 CIRCLE · M · Circle equation in expanded form	SIGNAL: x^2 + y^2 - 6x + 4y - 3 = 0, with no parentheses. | DESMOS: type it exactly as printed. Desmos graphs it, and you can read the center and radius off the picture. | This completely replaces completing the square twice.
21 CIRCLE · M · Arc length and sector area	ARC LENGTH = (angle/360)·2·pi·r. SECTOR AREA = (angle/360)·pi·r^2. | Both are just the fraction of the full circle that the angle covers. | Write the fraction first, then multiply by the whole.
21 CIRCLE · H · SKIP-OK · Tangent lines and inscribed angles	FACTS: a tangent is PERPENDICULAR to the radius at the point of contact, so its slope is the negative reciprocal of the radius's slope. An inscribed angle is HALF its intercepted arc. | Only 4 of 67 circle items are Easy, so this is a flag-and-guess zone at a 1300 target.
21 CIRCLE · H · SKIP-OK · Central-angle triangles inside a circle	SIGNAL: 'center O, points R and S on the circle, angle ROS = 88, find angle RSO.' | KEY: two radii make the triangle ISOSCELES, so the two base angles are equal: (180 - 88)/2 = 46. | Worth knowing because it turns an intimidating question into simple arithmetic.
22 FORMULAS · Area	Rectangle: l·w. Square: s^2. Triangle: (1/2)·b·h. Parallelogram: b·h. Trapezoid: (1/2)·(b1 + b2)·h. Circle: pi·r^2. | Height must be PERPENDICULAR to the base, not a slanted side.
22 FORMULAS · Volume	Rectangular prism: l·w·h. Cylinder: pi·r^2·h. Sphere: (4/3)·pi·r^3. Cone: (1/3)·pi·r^2·h. Pyramid: (1/3)·B·h, where B is the base area. | The cone and pyramid both carry the 1/3; the cylinder and prism do not.
22 FORMULAS · Surface area	Sphere: 4·pi·r^2. Cylinder (total): 2·pi·r^2 + 2·pi·r·h. Rectangular prism: 2·(lw + lh + wh). | Surface area is in SQUARE units; volume is in CUBIC units. Units alone often tell you which they want.
22 FORMULAS · Special right triangles	45-45-90: x, x, x·sqrt(2). | 30-60-90: x, x·sqrt(3), 2x with x opposite the 30-degree angle. | Triples: 3-4-5, 5-12-13, 8-15-17, 7-24-25.
22 FORMULAS · Linear equation formats	SLOPE-INTERCEPT: y = mx + b (m slope, b y-intercept). | POINT-SLOPE: y - y1 = m(x - x1). | STANDARD: Ax + By = C, with slope -A/B and y-intercept C/B. | Slope between two points: (y2 - y1)/(x2 - x1).
22 FORMULAS · Nonlinear equation formats	QUADRATIC STANDARD: y = ax^2 + bx + c (c is the y-intercept). | FACTORED: y = a(x - r)(x - s) (r and s are the roots). | VERTEX: y = a(x - h)^2 + k (vertex at (h, k)). | EXPONENTIAL: y = A·b^(t/p). | CIRCLE: (x - h)^2 + (y - k)^2 = r^2.
22 FORMULAS · Quadratic essentials	QUADRATIC FORMULA: x = (-b ± sqrt(b^2 - 4ac))/(2a). | VERTEX x-coordinate: -b/(2a). | DISCRIMINANT b^2 - 4ac: positive = 2 real roots, zero = 1, negative = 0. | Sum of roots = -b/a, product = c/a.
22 FORMULAS · Growth and decay rates	EXPONENTIAL: y = A·b^(t/p). Growth of r percent: b = 1 + r/100. Decay of r percent: b = 1 - r/100. | Doubling b = 2, halving b = 1/2, tripling b = 3. | LINEAR growth adds a fixed amount; EXPONENTIAL multiplies by a fixed factor.
22 FORMULAS · Coordinate geometry	DISTANCE: sqrt((x2-x1)^2 + (y2-y1)^2). | MIDPOINT: ((x1+x2)/2, (y1+y2)/2). | Parallel means equal slopes; perpendicular means slopes multiply to -1. | DESMOS: distance((1,2),(4,6)) computes it directly.
22 FORMULAS · Percent and statistics	Percent change: ((new - old)/old)·100. Part = percent·whole. | Successive changes MULTIPLY their factors. | Mean = sum/count; work with TOTALS when a mean changes. | Scale factor k: area x k^2, volume x k^3.
22 FORMULAS · Angle facts	Triangle angles sum to 180; quadrilateral to 360. | Vertical angles equal; straight line supplementary (180). | Parallel lines: corresponding and alternate interior angles equal, same-side interior sum 180. | Exterior angle = sum of remote interior angles. | 180 degrees = pi radians.
